-- phpMyAdmin SQL Dump
-- version 5.0.2
-- https://www.phpmyadmin.net/
--
-- Servidor: 127.0.0.1
-- Tiempo de generación: 29-09-2021 a las 00:28:29
-- Versión del servidor: 10.4.14-MariaDB
-- Versión de PHP: 7.4.10

SET SQL_MODE = "NO_AUTO_VALUE_ON_ZERO";
START TRANSACTION;
SET time_zone = "+00:00";


/*!40101 SET @OLD_CHARACTER_SET_CLIENT=@@CHARACTER_SET_CLIENT */;
/*!40101 SET @OLD_CHARACTER_SET_RESULTS=@@CHARACTER_SET_RESULTS */;
/*!40101 SET @OLD_COLLATION_CONNECTION=@@COLLATION_CONNECTION */;
/*!40101 SET NAMES utf8mb4 */;

--
-- Base de datos: `alquilerc`
--

-- --------------------------------------------------------

--
-- Estructura de tabla para la tabla `alquiler`
--

CREATE TABLE `alquiler` (
  `idAlq` int(5) NOT NULL,
  `FechaAlquilerIni` date NOT NULL,
  `FechaAlquilerFin` date NOT NULL,
  `idInfo` int(5) NOT NULL,
  `idEmpleado` int(5) NOT NULL
) ENGINE=InnoDB DEFAULT CHARSET=utf8;

--
-- Volcado de datos para la tabla `alquiler`
--

INSERT INTO `alquiler` (`idAlq`, `FechaAlquilerIni`, `FechaAlquilerFin`, `idInfo`, `idEmpleado`) VALUES
(2, '2019-01-01', '2019-01-07', 2, 1),
(3, '2019-01-01', '2019-01-07', 3, 1),
(4, '2019-01-02', '2019-01-11', 4, 1),
(5, '2019-01-03', '2019-01-05', 5, 1),
(17, '2019-02-17', '2019-03-02', 17, 2),
(18, '2019-03-01', '2019-03-07', 18, 2),
(19, '2019-03-02', '2019-03-12', 19, 2),
(20, '2019-03-05', '2019-03-14', 20, 2),
(21, '2019-03-07', '2019-03-13', 21, 2),
(22, '2019-03-06', '2019-03-09', 22, 2),
(23, '2019-03-08', '2019-03-12', 23, 2),
(24, '2019-03-11', '2019-03-16', 24, 2),
(25, '2019-03-13', '2019-03-23', 25, 1),
(26, '2019-03-14', '2019-03-25', 26, 1),
(27, '2019-03-18', '2019-04-01', 27, 1),
(28, '2019-03-19', '2019-03-21', 28, 1),
(29, '2019-03-20', '2019-03-28', 29, 2),
(40, '2019-04-15', '2019-04-18', 40, 1),
(41, '2019-04-16', '2019-04-21', 41, 1),
(42, '2019-04-17', '2019-04-29', 42, 1),
(43, '2019-04-20', '2019-04-28', 43, 1),
(44, '2019-04-26', '2019-05-02', 44, 1),
(45, '2019-04-28', '2019-05-11', 45, 1),
(46, '2019-04-28', '2019-04-29', 46, 1),
(47, '2019-04-29', '2019-05-02', 47, 2),
(48, '2019-04-29', '2019-04-30', 48, 2),
(49, '2019-04-29', '2019-05-05', 49, 2),
(50, '2019-04-30', '2019-05-12', 50, 2),
(51, '2019-04-30', '2019-05-11', 51, 2),
(52, '2019-05-01', '2019-05-05', 52, 2),
(53, '2019-05-01', '2019-05-09', 53, 2),
(66, '2019-06-14', '2019-06-27', 66, 2),
(67, '2019-07-02', '2019-07-10', 67, 2),
(68, '2019-07-04', '2019-07-08', 68, 2),
(69, '2019-07-08', '2019-07-18', 69, 2),
(70, '2019-07-12', '2019-07-20', 70, 1),
(71, '2019-07-16', '2019-07-25', 71, 1),
(72, '2019-07-23', '2019-07-26', 72, 1),
(73, '2019-07-29', '2019-07-30', 73, 1),
(74, '2019-08-29', '2019-09-04', 74, 1),
(75, '2019-08-29', '2019-09-07', 75, 1),
(76, '2019-08-29', '2019-09-01', 76, 1),
(77, '2019-09-01', '2019-09-12', 77, 1),
(78, '2019-09-01', '2019-09-12', 78, 1),
(79, '2019-09-01', '2019-09-11', 79, 1),
(80, '2019-09-01', '2019-09-02', 80, 1),
(81, '2019-09-03', '2019-09-16', 81, 1),
(82, '2019-09-14', '2019-09-28', 82, 1),
(88, '2019-11-03', '2019-11-04', 88, 1),
(89, '2019-11-05', '2019-11-15', 89, 1),
(90, '2019-11-15', '2019-11-29', 90, 1),
(91, '2019-11-19', '2019-12-03', 91, 1),
(92, '2019-11-30', '2019-12-14', 92, 1),
(93, '2019-12-01', '2019-12-11', 93, 1),
(94, '2019-12-08', '2019-12-17', 94, 1),
(95, '2019-12-10', '2019-12-18', 95, 2),
(96, '2019-12-15', '2019-12-25', 96, 2),
(97, '2019-12-16', '2019-12-17', 97, 2),
(98, '2019-12-21', '2020-01-03', 98, 2),
(99, '2019-12-21', '2019-12-31', 99, 2),
(100, '2019-12-21', '2019-12-30', 100, 2),
(101, '2020-01-01', '2020-01-15', 101, 2),
(102, '2020-01-01', '2020-01-02', 102, 2),
(103, '2020-01-01', '2020-01-10', 103, 2),
(104, '2020-01-02', '2020-01-13', 104, 2),
(105, '2020-01-03', '2020-01-05', 105, 2),
(107, '2020-01-05', '2020-01-11', 107, 2),
(115, '2020-02-13', '2020-02-19', 115, 1),
(116, '2020-02-18', '2020-03-01', 116, 1),
(117, '2020-02-17', '2020-02-27', 117, 1),
(118, '2020-02-29', '2020-03-11', 118, 1),
(119, '2020-03-01', '2020-03-03', 119, 2),
(120, '2020-03-04', '2020-03-16', 120, 2),
(121, '2020-03-06', '2020-03-12', 121, 2),
(122, '2020-03-05', '2020-03-13', 122, 2),
(123, '2020-03-07', '2020-03-20', 123, 2),
(124, '2020-03-10', '2020-03-22', 124, 2),
(125, '2020-03-12', '2020-03-18', 125, 2),
(126, '2020-03-13', '2020-03-24', 126, 2),
(127, '2020-03-17', '2020-03-31', 127, 2),
(128, '2020-03-18', '2020-03-20', 128, 2),
(129, '2020-03-19', '2020-03-29', 129, 2),
(130, '2020-03-20', '2020-03-31', 130, 2),
(131, '2020-03-22', '2020-04-05', 131, 2),
(132, '2020-03-27', '2020-03-31', 132, 2),
(133, '2020-03-28', '2020-03-31', 133, 1),
(134, '2020-03-31', '2020-04-14', 134, 1),
(135, '2020-04-03', '2020-04-13', 135, 1),
(136, '2020-04-05', '2020-04-11', 136, 1),
(138, '2020-04-10', '2020-04-18', 138, 1),
(139, '2020-04-10', '2020-04-20', 139, 1),
(140, '2020-04-14', '2020-04-22', 140, 2),
(141, '2020-04-15', '2020-04-22', 141, 2),
(142, '2020-04-16', '2020-04-25', 142, 2),
(143, '2020-04-19', '2020-05-02', 143, 2),
(144, '2020-04-25', '2020-05-04', 144, 2),
(145, '2020-04-27', '2020-04-30', 145, 1),
(146, '2020-04-27', '2020-05-08', 146, 2),
(147, '2020-04-28', '2020-05-01', 147, 2),
(148, '2020-04-28', '2020-05-10', 148, 2),
(149, '2020-04-28', '2020-05-11', 149, 2),
(150, '2020-04-29', '2020-05-04', 150, 2),
(151, '2020-04-29', '2020-05-02', 151, 2),
(152, '2020-04-30', '2020-05-08', 152, 2),
(160, '2020-05-03', '2020-05-06', 160, 1),
(161, '2020-05-03', '2020-05-16', 161, 1),
(162, '2020-05-31', '2020-06-05', 162, 1),
(163, '2020-06-02', '2020-06-10', 163, 1),
(164, '2020-06-07', '2020-06-20', 164, 1),
(166, '2020-06-13', '2020-06-15', 166, 1),
(167, '2020-07-01', '2020-07-04', 167, 1),
(168, '2020-07-03', '2020-07-14', 168, 1),
(169, '2020-07-07', '2020-07-09', 169, 1),
(170, '2020-07-11', '2020-07-17', 170, 1),
(184, '2020-10-02', '2020-10-15', 184, 1),
(185, '2020-10-07', '2020-10-20', 185, 1),
(186, '2020-10-14', '2020-10-21', 186, 1),
(187, '2020-10-27', '2020-10-28', 187, 1),
(188, '2020-11-02', '2020-11-11', 188, 1),
(189, '2020-11-04', '2020-11-06', 189, 1),
(190, '2020-11-14', '2020-11-20', 190, 1),
(191, '2020-11-18', '2020-11-24', 191, 1),
(197, '2020-12-15', '2020-12-26', 197, 2),
(198, '2020-12-24', '2020-12-25', 198, 2),
(199, '2020-12-24', '2020-12-25', 199, 2),
(200, '2020-12-25', '2020-12-30', 200, 2),
(201, '2021-08-06', '2021-08-08', 201, 7),
(202, '2021-08-06', '2021-08-20', 202, 5);

-- --------------------------------------------------------

--
-- Estructura de tabla para la tabla `cliente`
--

CREATE TABLE `cliente` (
  `idCliente` int(5) NOT NULL,
  `Nombre` varchar(35) NOT NULL,
  `AP` varchar(35) NOT NULL,
  `AM` varchar(35) NOT NULL,
  `Telefono` bigint(10) NOT NULL
) ENGINE=InnoDB DEFAULT CHARSET=utf8;

--
-- Volcado de datos para la tabla `cliente`
--

INSERT INTO `cliente` (`idCliente`, `Nombre`, `AP`, `AM`, `Telefono`) VALUES
(2, 'Abril', 'Serrano', 'Gonzalez', 2464973170),
(3, 'Agustina', 'Ramirez', 'Rodriguez', 2464973171),
(4, 'Alaia', 'Gil', 'Fernandez', 2464973172),
(5, 'Alana', 'Ramos', 'Lopez', 2464973173),
(6, 'Alba Luz', 'Vazquez', 'Martinez', 2464973174),
(7, 'Alejandra', 'Dominguez', 'Sanchez', 2464973175),
(8, 'Alicia', 'Torres', 'Perez', 2464973176),
(9, 'Alma', 'Navarro', 'Gomez', 2464973177),
(10, 'Altagracia', 'Gutierrez', 'Martin', 2464973178),
(11, 'Amala', 'Alonso', 'Jimenez', 2464973179),
(12, 'Amalia', 'Romero', 'Ruiz', 2464973180),
(13, 'Amanda', 'Camaron', 'Hernandez', 2464973181),
(14, 'Ana', 'Alvarez', 'Diaz', 2464973182),
(15, 'Ana Carolina', 'Moreno', 'Moreno', 2464973183),
(16, 'Ana Lucia', 'Diaz', 'Alvarez', 2464973184),
(17, 'Ana Maria', 'Hernandez', 'Camaron', 2464973185),
(18, 'Ana Patricia', 'Ruiz', 'Romero', 2464973186),
(19, 'Ana Sofia', 'Jimenez', 'Alonso', 2464973187),
(20, 'Andrea', 'Martin', 'Gutierrez', 2464973188),
(21, 'angeles', 'Gomez', 'Navarro', 2468968315),
(22, 'Antonella', 'Perez', 'Torres', 2468968316),
(23, 'Antonia', 'Sanchez', 'Dominguez', 2468968317),
(24, 'Ariana', 'Martinez', 'Vazquez', 2468968318),
(25, 'Ashley', 'Lopez', 'Ramos', 2468968319),
(26, 'Barbara', 'Fernandez', 'Gil', 2468968320),
(27, 'Beatriz', 'Rodriguez', 'Ramirez', 2468968321),
(28, 'Belen', 'Gonzalez', 'Serrano', 2468968322),
(29, 'Briana', 'Garcia', 'Blanco', 2468968323),
(30, 'Brithany', 'Rojas', 'Suarez', 2468968324),
(31, 'Camila', 'Gallardo', 'Molina', 2468968325),
(32, 'Caridad', 'Bravo', 'Morales', 2468968326),
(33, 'Carmen', 'Parra', 'Ortega', 2468968327),
(34, 'Carmen Luisa', 'Esteban', 'Delgado', 2468968328),
(35, 'Carolina', 'Solermoya', 'Castro', 2468968329),
(36, 'Catalina', 'Velasco', 'Ortiz', 2468968330),
(37, 'Celeste', 'Saez', 'Rubio', 2468968331),
(38, 'Claudia', 'Soto', 'Marin', 2468968332),
(39, 'Concepcion', 'Pastor', 'Sanz', 2468968333),
(40, 'Daniela', 'Roman', 'Morales', 2468968334),
(41, 'Danna', 'Crespo', 'Iglesias', 2469863156),
(42, 'Dayana', 'Carmona', 'Medina', 2469863157),
(43, 'Del Carmen', 'Vargas', 'Garrido', 2469863158),
(44, 'Delfina', 'Arias', 'Santos', 2469863159),
(45, 'Domenica', 'Santiago', 'Castillo', 2469863160),
(46, 'Dulce Maria', 'Mora', 'Cortes', 2469863161),
(47, 'Elizabeth', 'Benitez', 'Lozano', 2469863162),
(48, 'Emilia', 'Vicente', 'Guerrero', 2469863163),
(49, 'Emily', 'Duran', 'Cano', 2469863164),
(50, 'Emma', 'Ferrer', 'Prieto', 2469863165),
(51, 'Esmeralda', 'Gimenez', 'Mendez', 2469863166),
(52, 'Evelyn', 'Alarcon', 'Calvo', 2469863167),
(53, 'Florencia', 'Montero', 'Cruz', 2469863168),
(54, 'Francesca/Francisca', 'Hidalgo', 'Gallego', 2469863169),
(55, 'Gabriela', 'Lorenzo', 'Vidal', 2469863170),
(56, 'Genesis', 'Santana', 'Leon', 2469863171),
(57, 'Guadalupe', 'Herrero', 'Herrera', 2469863172),
(58, 'Isabella', 'Pascual', 'Marquez', 2469863173),
(59, 'Isidora', 'Aguilar', 'Campos', 2469863174),
(60, 'Jimena', 'Reyes', 'Cabrera', 2469863175),
(61, 'Josefa', 'Nieto', 'Flores', 2469863176),
(62, 'Josefina', 'Caballero', 'Campos', 2469863177),
(63, 'Juana', 'Carrasco', 'Vega', 2469863178),
(64, 'Julia', 'Fuentes', 'Diez', 2469863179),
(65, 'Julieta', 'Diez', 'Fuentes', 2469863180),
(66, 'Kamila', 'Vega', 'Carrasco', 2469863181),
(67, 'Karla', 'Campos', 'Caballero', 2469863182),
(68, 'Karla Patricia', 'Flores', 'Nieto', 2469863183),
(69, 'Kiara', 'Cabrera', 'Reyes', 2469863184),
(70, 'Kimberly', 'Campos', 'Aguilar', 2469863185),
(71, 'Laura', 'Marquez', 'Pascual', 2469863186),
(72, 'Leticia', 'Herrera', 'Herrero', 2469863187),
(73, 'Lidia', 'Leon', 'Santana', 2469863188),
(74, 'Lisandra', 'Vidal', 'Lorenzo', 2469863189),
(75, 'Liz', 'Gallego', 'Hidalgo', 2469863190),
(76, 'Luana', 'Cruz', 'Montero', 2469863191),
(77, 'Lucia', 'Calvo', 'Alarcon', 2469863192),
(78, 'Luciana', 'Mendez', 'Gimenez', 2469863193),
(79, 'Luisa', 'Prieto', 'Ferrer', 2469863194),
(80, 'Luisa Fernanda', 'Cano', 'Duran', 2469863195),
(81, 'Luz', 'Guerrero', 'Vicente', 2468756415),
(82, 'Luz Maria', 'Lozano', 'Benitez', 2468756416),
(83, 'Mabel', 'Cortes', 'Mora', 2468756417),
(84, 'Maite', 'Castillo', 'Santiago', 2468756418),
(85, 'Margarita', 'Santos', 'Arias', 2468756419),
(86, 'Maria', 'Garrido', 'Vargas', 2468756420),
(87, 'Maria angeles', 'Medina', 'Carmona', 2468756421),
(88, 'Maria Carmen', 'Iglesias', 'Crespo', 2468756422),
(89, 'Maria Celeste', 'Morales', 'Roman', 2468756423),
(90, 'Maria del Carmen', 'Sanz', 'Pastor', 2468756424),
(91, 'Maria Dolores', 'Marin', 'Soto', 2468756425),
(92, 'Maria Elena', 'Rubio', 'Saez', 2468756426),
(93, 'Maria Fernanda', 'Ortiz', 'Velasco', 2468756427),
(94, 'Maria Isabel', 'Castro', 'Solermoya', 2468756428),
(95, 'Maria Jesus', 'Delgado', 'Esteban', 2468756429),
(96, 'Maria Jose', 'Ortega', 'Parra', 2468756430),
(97, 'Maria Luisa', 'Morales', 'Bravo', 2468756431),
(98, 'Maria Paula', 'Molina', 'Gallardo', 2468756432),
(99, 'Maria Teresa', 'Suarez', 'Rojas', 2468756433),
(100, 'Mariana', 'Blanco', 'Garcia', 2468756434),
(101, 'Adrian', 'Serrano', 'Gonzalez', 2468976235),
(102, 'Agustin', 'Ramirez', 'Rodriguez', 2468976236),
(103, 'Alberto', 'Gil', 'Fernandez', 2468976237),
(104, 'Alejandro', 'Ramos', 'Lopez', 2468976238),
(105, 'Alexander', 'Vazquez', 'Martinez', 2468976239),
(106, 'Alexis', 'Dominguez', 'Sanchez', 2468976240),
(107, 'Alonso', 'Torres', 'Perez', 2468976241),
(108, 'Andres Felipe', 'Navarro', 'Gomez', 2468976242),
(109, 'angel', 'Gutierrez', 'Martin', 2468976243),
(110, 'Anthony', 'Alonso', 'Jimenez', 2468976244),
(111, 'Antonio', 'Romero', 'Ruiz', 2468976245),
(112, 'Bautista', 'Camaron', 'Hernandez', 2468976246),
(113, 'Benicio', 'Alvarez', 'Diaz', 2468976247),
(114, 'Benjamin', 'Moreno', 'Moreno', 2468976248),
(115, 'Carlos', 'Diaz', 'Alvarez', 2468976249),
(116, 'Carlos Alberto', 'Hernandez', 'Camaron', 2468976250),
(117, 'Carlos Eduardo', 'Ruiz', 'Romero', 2468976251),
(118, 'Carlos Roberto', 'Jimenez', 'Alonso', 2468976252),
(119, 'Cesar', 'Martin', 'Gutierrez', 2468976253),
(120, 'Cristobal', 'Gomez', 'Navarro', 2468976254),
(121, 'Daniel', 'Perez', 'Torres', 2469865723),
(122, 'David', 'Sanchez', 'Dominguez', 2469865724),
(123, 'Diego', 'Martinez', 'Vazquez', 2469865725),
(124, 'Dylan', 'Lopez', 'Ramos', 2469865726),
(125, 'Eduardo', 'Fernandez', 'Gil', 2469865727),
(126, 'Emiliano', 'Rodriguez', 'Ramirez', 2469865728),
(127, 'Emmanuel', 'Gonzalez', 'Serrano', 2469865729),
(128, 'Enrique', 'Garcia', 'Blanco', 2469865730),
(129, 'Erik', 'Rojas', 'Suarez', 2469865731),
(130, 'Ernesto', 'Gallardo', 'Molina', 2469865732),
(131, 'Ethan', 'Bravo', 'Morales', 2469865733),
(132, 'Fabian', 'Parra', 'Ortega', 2469865734),
(133, 'Facundo', 'Esteban', 'Delgado', 2469865735),
(134, 'Felipe', 'Solermoya', 'Castro', 2469865736),
(135, 'Felix', 'Velasco', 'Ortiz', 2469865737),
(136, 'Felix Maria', 'Saez', 'Rubio', 2469865738),
(137, 'Fernando', 'Soto', 'Marin', 2469865739),
(138, 'Francisco', 'Pastor', 'Sanz', 2469865740),
(139, 'Francisco Javier', 'Roman', 'Morales', 2469865741),
(140, 'Gabriel', 'Crespo', 'Iglesias', 2469865742),
(141, 'Gaspar', 'Carmona', 'Medina', 2469865743),
(142, 'Gustavo Adolfo', 'Vargas', 'Garrido', 2469865744),
(143, 'Hugo', 'Arias', 'Santos', 2469865745),
(144, 'Ian', 'Santiago', 'Castillo', 2469865746),
(145, 'Iker', 'Mora', 'Cortes', 2469865747),
(146, 'Isaac', 'Benitez', 'Lozano', 2469865748),
(147, 'Jacob', 'Vicente', 'Guerrero', 2469865749),
(148, 'Javier', 'Duran', 'Cano', 2469865750),
(149, 'Jayden', 'Ferrer', 'Prieto', 2469865751),
(150, 'Jeremy', 'Gimenez', 'Mendez', 2469865752),
(151, 'Jeronimo', 'Alarcon', 'Calvo', 2469853467),
(152, 'Jesus', 'Montero', 'Cruz', 2469853468),
(153, 'Jesus Antonio', 'Hidalgo', 'Gallego', 2469853469),
(154, 'Jesus Victor', 'Lorenzo', 'Vidal', 2469853470),
(155, 'Joaquin', 'Santana', 'Leon', 2469853471),
(156, 'Jorge', 'Herrero', 'Herrera', 2469853472),
(157, 'Jorge Alberto', 'Pascual', 'Marquez', 2469853473),
(158, 'Jorge Luis', 'Aguilar', 'Campos', 2469853474),
(159, 'Jose', 'Reyes', 'Cabrera', 2469853475),
(160, 'Jose Antonio', 'Nieto', 'Flores', 2469853476),
(161, 'Jose Daniel', 'Caballero', 'Campos', 2469853477),
(162, 'Jose David', 'Carrasco', 'Vega', 2469853478),
(163, 'Jose Francisco', 'Fuentes', 'Diez', 2469853479),
(164, 'Jose Gregorio', 'Diez', 'Fuentes', 2469853480),
(165, 'Jose Luis', 'Vega', 'Carrasco', 2469853481),
(166, 'Jose Manuel', 'Campos', 'Caballero', 2469853482),
(167, 'Jose Pablo', 'Flores', 'Nieto', 2469853483),
(168, 'Josue', 'Cabrera', 'Reyes', 2469853484),
(169, 'Juan', 'Campos', 'Aguilar', 2469853485),
(170, 'Juan angel', 'Marquez', 'Pascual', 2469853486),
(171, 'Juan Carlos', 'Herrera', 'Herrero', 2469853487),
(172, 'Juan David', 'Leon', 'Santana', 2469853488),
(173, 'Juan Esteban', 'Vidal', 'Lorenzo', 2469853489),
(174, 'Juan Ignacio', 'Gallego', 'Hidalgo', 2469853490),
(175, 'Juan Jose', 'Cruz', 'Montero', 2469853491),
(176, 'Juan Manuel', 'Calvo', 'Alarcon', 2469853492),
(177, 'Juan Pablo', 'Mendez', 'Gimenez', 2469853493),
(178, 'Juan Sebastian', 'Prieto', 'Ferrer', 2469853494),
(179, 'Julio', 'Cano', 'Duran', 2469853495),
(180, 'Julio Cesar', 'Guerrero', 'Vicente', 2469853496),
(181, 'Justin', 'Lozano', 'Benitez', 2468754121),
(182, 'Kevin', 'Cortes', 'Mora', 2468754121),
(183, 'Lautaro', 'Castillo', 'Santiago', 2468754121),
(184, 'Liam', 'Santos', 'Arias', 2468754121),
(185, 'Lian', 'Garrido', 'Vargas', 2468754121),
(186, 'Lorenzo', 'Medina', 'Carmona', 2468754121),
(187, 'Lucas', 'Iglesias', 'Crespo', 2468754121),
(188, 'Luis', 'Morales', 'Roman', 2468754121),
(189, 'Luis Alberto', 'Sanz', 'Pastor', 2468754121),
(190, 'Luis Emilio', 'Marin', 'Soto', 2468754121),
(191, 'Luis Fernando', 'Rubio', 'Saez', 2468754121),
(192, 'Manuel', 'Ortiz', 'Velasco', 2468754121),
(193, 'Manuel Antonio', 'Castro', 'Solermoya', 2468754121),
(194, 'Marco Antonio', 'Delgado', 'Esteban', 2468754121),
(195, 'Mario', 'Ortega', 'Parra', 2468754121),
(196, 'Martin', 'Morales', 'Bravo', 2468754121),
(197, 'Mateo', 'Molina', 'Gallardo', 2468754121),
(198, 'Matias', 'Suarez', 'Rojas', 2468754121),
(199, 'Maximiliano', 'Blanco', 'Garcia', 2468754121),
(200, 'Maykel', 'Serrano', 'Gonzalez', 2468754121),
(201, 'Miguel', 'Ramirez', 'Rodriguez', 2468754121),
(202, 'Miguel angel', 'Gil', 'Fernandez', 2468754121),
(203, 'Nelson', 'Ramos', 'Lopez', 2468754121),
(204, 'Noah', 'Vazquez', 'Martinez', 2468754121),
(205, 'Oscar', 'Dominguez', 'Sanchez', 2468754121),
(206, 'Pablo', 'Torres', 'Perez', 2468754121),
(207, 'Pedro', 'Navarro', 'Gomez', 2468754121),
(208, 'Rafael', 'Gutierrez', 'Martin', 2468754121),
(209, 'Ramon', 'Alonso', 'Jimenez', 2468754121),
(210, 'Raul', 'Romero', 'Ruiz', 2468754121),
(211, 'Ricardo', 'Camaron', 'Hernandez', 2462685964),
(212, 'Rigoberto', 'Alvarez', 'Diaz', 2462685965),
(213, 'Roberto', 'Moreno', 'Moreno', 2462685966),
(214, 'Rolando', 'Diaz', 'Alvarez', 2462685967),
(215, 'Samuel', 'Hernandez', 'Camaron', 2462685968),
(216, 'Samuel David', 'Ruiz', 'Romero', 2462685969),
(217, 'Santiago', 'Jimenez', 'Alonso', 2462685970),
(218, 'Santino', 'Martin', 'Gutierrez', 2462685971),
(219, 'Santos', 'Gomez', 'Navarro', 2462685972),
(220, 'Sebastian', 'Perez', 'Torres', 2462685973),
(221, 'Thiago', 'Sanchez', 'Dominguez', 2462685974),
(222, 'Thiago Benjamin', 'Martinez', 'Vazquez', 2462685975),
(223, 'Tomas', 'Lopez', 'Ramos', 2462685976),
(224, 'Valentino', 'Fernandez', 'Gil', 2462685977),
(225, 'Vicente', 'Rodriguez', 'Ramirez', 2462685978),
(226, 'Victor', 'Gonzalez', 'Serrano', 2462685979),
(227, 'Victor Hugo', 'Garcia', 'Blanco', 2462685980),
(228, 'qwqw', 'qw', 'qw', 2461598998),
(229, 'qwerrrr', 'rr', 'ppppp', 246115844);

-- --------------------------------------------------------

--
-- Estructura de tabla para la tabla `coche`
--

CREATE TABLE `coche` (
  `idCoche` int(5) NOT NULL,
  `Placa` varchar(9) NOT NULL,
  `Modelo` varchar(35) NOT NULL,
  `Marca` varchar(35) NOT NULL,
  `PrecioDias` decimal(10,2) NOT NULL
) ENGINE=InnoDB DEFAULT CHARSET=utf8;

--
-- Volcado de datos para la tabla `coche`
--

INSERT INTO `coche` (`idCoche`, `Placa`, `Modelo`, `Marca`, `PrecioDias`) VALUES
(1, 'AEE-46-91', 'Avalon', 'Toyota', '900.00'),
(2, 'ALA-91-43', 'Avalon', 'Toyota', '900.00'),
(3, 'CZG-73-20', 'Sequola', 'Toyota', '850.00'),
(4, 'DHJ-39-07', 'Sequola', 'Toyota', '850.00'),
(5, 'DSE-76-20', 'Sequola', 'Toyota', '850.00'),
(7, 'FHD-21-09', 'Focus', 'Ford', '950.00'),
(8, 'FSW-23-77', 'Focus', 'Ford', '950.00'),
(9, 'AOP-59-86', 'Fiesta', 'Ford', '1000.00'),
(10, 'GBD-72-99', 'Fiesta', 'Ford', '1000.00'),
(11, 'GPK-27-76', 'Cruze', 'chevrolet', '950.00'),
(12, 'HBZ-73-59', 'Cruze', 'chevrolet', '950.00'),
(13, 'HMK-55-16', 'Cruze', 'chevrolet', '950.00'),
(14, 'JHW-71-24', 'Prisma', 'chevrolet', '800.00'),
(15, 'MUD-83-11', 'Prisma', 'chevrolet', '800.00'),
(16, 'YOP-48-96', 'Versa', 'Nissan', '1100.00'),
(17, 'LPL-34-47', 'Versa', 'Nissan', '1100.00'),
(18, 'MKN-47-96', 'Versa', 'Nissan', '1100.00'),
(19, 'ZAS-48-48', 'Quattro', 'Nissan', '1200.00'),
(20, 'ZOZ-89-98', 'Quattro', 'Nissan', '1200.00'),
(21, 'asbbbb', 'Chiron', 'Bugati', '5000.00'),
(23, 'asssss', 'aaaa', 'sssss', '15041.00');

-- --------------------------------------------------------

--
-- Estructura de tabla para la tabla `empleado`
--

CREATE TABLE `empleado` (
  `idEmpleado` int(5) NOT NULL,
  `Nombre` varchar(35) NOT NULL,
  `AP` varchar(35) NOT NULL,
  `AM` varchar(35) NOT NULL,
  `Telefono` bigint(10) NOT NULL
) ENGINE=InnoDB DEFAULT CHARSET=utf8;

--
-- Volcado de datos para la tabla `empleado`
--

INSERT INTO `empleado` (`idEmpleado`, `Nombre`, `AP`, `AM`, `Telefono`) VALUES
(1, 'Alejandro', 'Gonzalez', 'Camaron', 2462047540),
(2, 'Luis', 'Jimenez', 'Vigueras', 2411384500),
(4, 'papa', 'Pandon', 'Pepe', 2461310845),
(5, 'Hola', 'ahlo', 'pastel', 2461315858),
(6, 'asdads', 'asda', 'asdas', 24),
(7, 'Alejandro', 'Gonzalez', 'Camaron', 2462047540),
(8, 'Alejandro', 'Gonzalez', 'cenando', 2462047540);

-- --------------------------------------------------------

--
-- Estructura de tabla para la tabla `incluido`
--

CREATE TABLE `incluido` (
  `idCoche` int(5) NOT NULL,
  `idAlquiler` int(5) NOT NULL,
  `CantDias` int(5) NOT NULL
) ENGINE=InnoDB DEFAULT CHARSET=utf8;

--
-- Volcado de datos para la tabla `incluido`
--

INSERT INTO `incluido` (`idCoche`, `idAlquiler`, `CantDias`) VALUES
(1, 51, 11),
(1, 80, 1),
(1, 93, 10),
(1, 101, 14),
(1, 132, 4),
(1, 151, 3),
(1, 160, 3),
(2, 2, 6),
(2, 52, 4),
(2, 94, 9),
(2, 102, 1),
(2, 115, 6),
(2, 133, 3),
(2, 152, 8),
(2, 161, 13),
(3, 3, 6),
(3, 53, 8),
(3, 81, 13),
(3, 95, 8),
(3, 103, 9),
(3, 116, 12),
(3, 134, 14),
(3, 162, 5),
(4, 4, 9),
(4, 17, 13),
(4, 104, 11),
(4, 117, 10),
(4, 135, 10),
(4, 163, 8),
(5, 5, 2),
(5, 18, 6),
(5, 82, 14),
(5, 105, 2),
(5, 118, 11),
(5, 136, 6),
(5, 164, 13),
(5, 201, 2),
(7, 66, 13),
(7, 96, 10),
(7, 107, 6),
(7, 138, 8),
(7, 166, 2),
(7, 184, 13),
(8, 19, 10),
(8, 67, 8),
(8, 97, 1),
(8, 119, 2),
(8, 139, 10),
(8, 167, 3),
(8, 185, 13),
(8, 197, 11),
(9, 20, 9),
(9, 40, 3),
(9, 68, 4),
(9, 98, 13),
(9, 120, 12),
(9, 140, 8),
(9, 168, 11),
(9, 186, 7),
(9, 198, 1),
(10, 21, 6),
(10, 41, 5),
(10, 69, 10),
(10, 99, 10),
(10, 121, 6),
(10, 141, 7),
(10, 169, 2),
(10, 187, 1),
(10, 199, 1),
(11, 22, 3),
(11, 42, 12),
(11, 70, 8),
(11, 88, 1),
(11, 100, 9),
(11, 122, 8),
(11, 142, 9),
(11, 170, 6),
(11, 188, 9),
(11, 200, 5),
(12, 23, 4),
(12, 43, 8),
(12, 71, 9),
(12, 89, 10),
(12, 123, 13),
(12, 143, 13),
(12, 189, 2),
(13, 24, 5),
(13, 44, 6),
(13, 72, 3),
(13, 90, 14),
(13, 124, 12),
(13, 144, 9),
(13, 190, 6),
(14, 25, 10),
(14, 45, 13),
(14, 73, 1),
(14, 125, 6),
(14, 145, 3),
(15, 26, 11),
(15, 46, 1),
(15, 74, 6),
(15, 126, 11),
(15, 146, 11),
(16, 27, 14),
(16, 47, 3),
(16, 75, 9),
(16, 127, 14),
(16, 147, 3),
(17, 28, 2),
(17, 48, 1),
(17, 76, 3),
(17, 128, 2),
(17, 148, 12),
(18, 29, 8),
(18, 49, 6),
(18, 77, 11),
(18, 129, 10),
(18, 149, 13),
(19, 78, 11),
(19, 91, 14),
(19, 130, 11),
(19, 191, 6),
(20, 50, 12),
(20, 79, 10),
(20, 92, 14),
(20, 131, 14),
(20, 150, 5);

-- --------------------------------------------------------

--
-- Estructura de tabla para la tabla `informe`
--

CREATE TABLE `informe` (
  `idInfo` int(5) NOT NULL,
  `TotalPagar` decimal(10,2) NOT NULL,
  `Fecha` date NOT NULL,
  `idCliente` int(5) NOT NULL,
  `idCoche` int(5) NOT NULL
) ENGINE=InnoDB DEFAULT CHARSET=utf8;

--
-- Volcado de datos para la tabla `informe`
--

INSERT INTO `informe` (`idInfo`, `TotalPagar`, `Fecha`, `idCliente`, `idCoche`) VALUES
(2, '5400.00', '2019-01-07', 2, 2),
(3, '5100.00', '2019-01-07', 3, 3),
(4, '7650.00', '2019-01-11', 4, 4),
(5, '1700.00', '2019-01-05', 5, 5),
(7, '5700.00', '2019-01-11', 7, 7),
(8, '2400.00', '2019-01-14', 8, 15),
(9, '1100.00', '2019-01-16', 9, 16),
(10, '14300.00', '2019-01-28', 10, 17),
(11, '12100.00', '2019-02-12', 11, 18),
(12, '4800.00', '2019-02-07', 12, 19),
(13, '1200.00', '2019-02-07', 13, 20),
(14, '6300.00', '2019-02-15', 14, 1),
(15, '4500.00', '2019-02-18', 15, 2),
(16, '8500.00', '2019-02-28', 16, 3),
(17, '11050.00', '2019-03-02', 17, 4),
(18, '5100.00', '2019-03-07', 18, 5),
(19, '9500.00', '2019-03-12', 19, 8),
(20, '9000.00', '2019-03-14', 20, 9),
(21, '6000.00', '2019-03-13', 21, 10),
(22, '2850.00', '2019-03-09', 22, 11),
(23, '3800.00', '2019-03-12', 23, 12),
(24, '4750.00', '2019-03-16', 24, 13),
(25, '8000.00', '2019-03-23', 25, 14),
(26, '8800.00', '2019-03-25', 26, 15),
(27, '15400.00', '2019-04-01', 27, 16),
(28, '2200.00', '2019-03-21', 28, 17),
(29, '8800.00', '2019-03-28', 29, 18),
(30, '16800.00', '2019-04-04', 30, 19),
(31, '10800.00', '2019-04-01', 31, 20),
(32, '9000.00', '2019-04-07', 32, 1),
(33, '9000.00', '2019-04-08', 33, 2),
(34, '11050.00', '2019-04-14', 34, 3),
(35, '10200.00', '2019-04-16', 35, 4),
(36, '1700.00', '2019-04-08', 36, 5),
(38, '12350.00', '2019-04-24', 38, 7),
(39, '3800.00', '2019-04-15', 39, 8),
(40, '3000.00', '2019-04-18', 40, 9),
(41, '5000.00', '2019-04-21', 41, 10),
(42, '11400.00', '2019-04-29', 42, 11),
(43, '7600.00', '2019-04-28', 43, 12),
(44, '5700.00', '2019-05-02', 44, 13),
(45, '10400.00', '2019-05-11', 45, 14),
(46, '800.00', '2019-04-29', 46, 15),
(47, '3300.00', '2019-05-02', 47, 16),
(48, '1100.00', '2019-04-30', 48, 17),
(49, '6600.00', '2019-05-05', 49, 18),
(50, '14400.00', '2019-05-12', 50, 20),
(51, '9900.00', '2019-05-11', 51, 1),
(52, '3600.00', '2019-05-05', 52, 2),
(53, '6800.00', '2019-05-09', 53, 3),
(54, '11200.00', '2019-05-15', 54, 15),
(55, '4400.00', '2019-05-07', 55, 16),
(56, '4400.00', '2019-05-07', 56, 17),
(57, '13200.00', '2019-05-15', 57, 18),
(58, '3600.00', '2019-05-07', 58, 19),
(59, '15600.00', '2019-05-17', 59, 20),
(60, '9000.00', '2019-05-14', 60, 1),
(61, '3600.00', '2019-05-08', 61, 2),
(62, '11050.00', '2019-06-14', 62, 3),
(63, '5950.00', '2019-06-10', 63, 4),
(64, '11900.00', '2019-06-22', 64, 5),
(66, '12350.00', '2019-06-27', 66, 7),
(67, '7600.00', '2019-07-10', 67, 8),
(68, '4000.00', '2019-07-08', 68, 9),
(69, '10000.00', '2019-07-18', 69, 10),
(70, '7600.00', '2019-07-20', 70, 11),
(71, '8550.00', '2019-07-25', 71, 12),
(72, '2850.00', '2019-07-26', 72, 13),
(73, '800.00', '2019-07-30', 73, 14),
(74, '4800.00', '2019-09-04', 74, 15),
(75, '9900.00', '2019-09-07', 75, 16),
(76, '3300.00', '2019-09-01', 76, 17),
(77, '12100.00', '2019-09-12', 77, 18),
(78, '13200.00', '2019-09-12', 78, 19),
(79, '12000.00', '2019-09-11', 79, 20),
(80, '900.00', '2019-09-02', 80, 1),
(81, '11050.00', '2019-09-16', 81, 3),
(82, '11900.00', '2019-09-28', 82, 5),
(84, '1900.00', '2019-10-05', 84, 7),
(85, '8550.00', '2019-10-17', 85, 8),
(86, '13000.00', '2019-10-28', 86, 9),
(87, '13000.00', '2019-11-10', 87, 10),
(88, '950.00', '2019-11-04', 88, 11),
(89, '9500.00', '2019-11-15', 89, 12),
(90, '13300.00', '2019-11-29', 90, 13),
(91, '16800.00', '2019-12-03', 91, 19),
(92, '16800.00', '2019-12-14', 92, 20),
(93, '9000.00', '2019-12-11', 93, 1),
(94, '8100.00', '2019-12-17', 94, 2),
(95, '6800.00', '2019-12-18', 95, 3),
(96, '9500.00', '2019-12-25', 96, 7),
(97, '950.00', '2019-12-17', 97, 8),
(98, '13000.00', '2020-01-03', 98, 9),
(99, '10000.00', '2019-12-31', 99, 10),
(100, '8550.00', '2019-12-30', 100, 11),
(101, '12600.00', '2020-01-15', 101, 1),
(102, '900.00', '2020-01-02', 102, 2),
(103, '7650.00', '2020-01-10', 103, 3),
(104, '9350.00', '2020-01-13', 104, 4),
(105, '1700.00', '2020-01-05', 105, 5),
(107, '5700.00', '2020-01-11', 107, 7),
(108, '8800.00', '2020-01-22', 108, 15),
(109, '9900.00', '2020-01-24', 109, 16),
(110, '15400.00', '2020-01-29', 110, 17),
(111, '14300.00', '2020-02-14', 111, 18),
(112, '12000.00', '2020-02-13', 112, 19),
(113, '6000.00', '2020-02-11', 113, 20),
(114, '9000.00', '2020-02-18', 114, 1),
(115, '5400.00', '2020-02-19', 115, 2),
(116, '10200.00', '2020-03-01', 116, 3),
(117, '8500.00', '2020-02-27', 117, 4),
(118, '9350.00', '2020-03-11', 118, 5),
(119, '1900.00', '2020-03-03', 119, 8),
(120, '12000.00', '2020-03-16', 120, 9),
(121, '6000.00', '2020-03-12', 121, 10),
(122, '7600.00', '2020-03-13', 122, 11),
(123, '12350.00', '2020-03-20', 123, 12),
(124, '11400.00', '2020-03-22', 124, 13),
(125, '4800.00', '2020-03-18', 125, 14),
(126, '8800.00', '2020-03-24', 126, 15),
(127, '15400.00', '2020-03-31', 127, 16),
(128, '2200.00', '2020-03-20', 128, 17),
(129, '11000.00', '2020-03-29', 129, 18),
(130, '13200.00', '2020-03-31', 130, 19),
(131, '16800.00', '2020-04-05', 131, 20),
(132, '3600.00', '2020-03-31', 132, 1),
(133, '2700.00', '2020-03-31', 133, 2),
(134, '11900.00', '2020-04-14', 134, 3),
(135, '8500.00', '2020-04-13', 135, 4),
(136, '5100.00', '2020-04-11', 136, 5),
(138, '7600.00', '2020-04-18', 138, 7),
(139, '9500.00', '2020-04-20', 139, 8),
(140, '8000.00', '2020-04-22', 140, 9),
(141, '7000.00', '2020-04-22', 141, 10),
(142, '8550.00', '2020-04-25', 142, 11),
(143, '12350.00', '2020-05-02', 143, 12),
(144, '8550.00', '2020-05-04', 144, 13),
(145, '2400.00', '2020-04-30', 145, 14),
(146, '8800.00', '2020-05-08', 146, 15),
(147, '3300.00', '2020-05-01', 147, 16),
(148, '13200.00', '2020-05-10', 148, 17),
(149, '14300.00', '2020-05-11', 149, 18),
(150, '6000.00', '2020-05-04', 150, 20),
(151, '2700.00', '2020-05-02', 151, 1),
(152, '7200.00', '2020-05-08', 152, 2),
(153, '11900.00', '2020-05-14', 153, 3),
(154, '5600.00', '2020-05-07', 154, 15),
(155, '15400.00', '2020-05-16', 155, 16),
(156, '6600.00', '2020-05-08', 156, 17),
(157, '4400.00', '2020-05-06', 157, 18),
(158, '2400.00', '2020-05-05', 158, 19),
(159, '12000.00', '2020-05-13', 159, 20),
(160, '2700.00', '2020-05-06', 160, 1),
(161, '11700.00', '2020-05-16', 161, 2),
(162, '4250.00', '2020-06-05', 162, 3),
(163, '6800.00', '2020-06-10', 163, 4),
(164, '11050.00', '2020-06-20', 164, 5),
(166, '1900.00', '2020-06-15', 166, 7),
(167, '2850.00', '2020-07-04', 167, 8),
(168, '11000.00', '2020-07-14', 168, 9),
(169, '2000.00', '2020-07-09', 169, 10),
(170, '5700.00', '2020-07-17', 170, 11),
(171, '3800.00', '2020-07-19', 171, 12),
(172, '9500.00', '2020-08-01', 172, 13),
(173, '8800.00', '2020-08-08', 173, 14),
(174, '1600.00', '2020-08-30', 174, 15),
(175, '15400.00', '2020-09-11', 175, 16),
(176, '12100.00', '2020-09-08', 176, 17),
(177, '15400.00', '2020-09-14', 177, 18),
(178, '9600.00', '2020-09-08', 178, 19),
(179, '10800.00', '2020-09-09', 179, 20),
(180, '8100.00', '2020-09-09', 180, 1),
(181, '10200.00', '2020-09-14', 181, 3),
(182, '2550.00', '2020-09-16', 182, 5),
(184, '12350.00', '2020-10-15', 184, 7),
(185, '12350.00', '2020-10-20', 185, 8),
(186, '7000.00', '2020-10-21', 186, 9),
(187, '1000.00', '2020-10-28', 187, 10),
(188, '8550.00', '2020-11-11', 188, 11),
(189, '1900.00', '2020-11-06', 189, 12),
(190, '5700.00', '2020-11-20', 190, 13),
(191, '7200.00', '2020-11-24', 191, 19),
(192, '13200.00', '2020-12-10', 192, 20),
(193, '9000.00', '2020-12-10', 193, 1),
(194, '9900.00', '2020-12-18', 194, 2),
(195, '850.00', '2020-12-10', 195, 3),
(196, '1900.00', '2020-12-16', 196, 7),
(197, '10450.00', '2020-12-26', 197, 8),
(198, '1000.00', '2020-12-25', 198, 9),
(199, '1000.00', '2020-12-25', 199, 10),
(200, '4750.00', '2020-12-30', 200, 11),
(201, '850.00', '2021-08-08', 228, 5),
(202, '13300.00', '2021-08-20', 229, 12);

--
-- Índices para tablas volcadas
--

--
-- Indices de la tabla `alquiler`
--
ALTER TABLE `alquiler`
  ADD PRIMARY KEY (`idAlq`),
  ADD KEY `idInfo` (`idInfo`),
  ADD KEY `idEmpleado` (`idEmpleado`);

--
-- Indices de la tabla `cliente`
--
ALTER TABLE `cliente`
  ADD PRIMARY KEY (`idCliente`);

--
-- Indices de la tabla `coche`
--
ALTER TABLE `coche`
  ADD PRIMARY KEY (`idCoche`);

--
-- Indices de la tabla `empleado`
--
ALTER TABLE `empleado`
  ADD PRIMARY KEY (`idEmpleado`);

--
-- Indices de la tabla `incluido`
--
ALTER TABLE `incluido`
  ADD PRIMARY KEY (`idCoche`,`idAlquiler`),
  ADD KEY `idAlquiler` (`idAlquiler`);

--
-- Indices de la tabla `informe`
--
ALTER TABLE `informe`
  ADD PRIMARY KEY (`idInfo`),
  ADD KEY `idCliente` (`idCliente`),
  ADD KEY `idCoche` (`idCoche`);

--
-- AUTO_INCREMENT de las tablas volcadas
--

--
-- AUTO_INCREMENT de la tabla `alquiler`
--
ALTER TABLE `alquiler`
  MODIFY `idAlq` int(5) NOT NULL AUTO_INCREMENT, AUTO_INCREMENT=204;

--
-- AUTO_INCREMENT de la tabla `cliente`
--
ALTER TABLE `cliente`
  MODIFY `idCliente` int(5) NOT NULL AUTO_INCREMENT, AUTO_INCREMENT=231;

--
-- AUTO_INCREMENT de la tabla `coche`
--
ALTER TABLE `coche`
  MODIFY `idCoche` int(5) NOT NULL AUTO_INCREMENT, AUTO_INCREMENT=24;

--
-- AUTO_INCREMENT de la tabla `empleado`
--
ALTER TABLE `empleado`
  MODIFY `idEmpleado` int(5) NOT NULL AUTO_INCREMENT, AUTO_INCREMENT=9;

--
-- AUTO_INCREMENT de la tabla `informe`
--
ALTER TABLE `informe`
  MODIFY `idInfo` int(5) NOT NULL AUTO_INCREMENT, AUTO_INCREMENT=204;

--
-- Restricciones para tablas volcadas
--

--
-- Filtros para la tabla `alquiler`
--
ALTER TABLE `alquiler`
  ADD CONSTRAINT `alquiler_ibfk_1` FOREIGN KEY (`idInfo`) REFERENCES `informe` (`idInfo`) ON DELETE CASCADE ON UPDATE CASCADE,
  ADD CONSTRAINT `alquiler_ibfk_2` FOREIGN KEY (`idEmpleado`) REFERENCES `empleado` (`idEmpleado`) ON DELETE CASCADE ON UPDATE CASCADE;

--
-- Filtros para la tabla `incluido`
--
ALTER TABLE `incluido`
  ADD CONSTRAINT `incluido_ibfk_1` FOREIGN KEY (`idCoche`) REFERENCES `coche` (`idCoche`) ON DELETE CASCADE ON UPDATE CASCADE,
  ADD CONSTRAINT `incluido_ibfk_2` FOREIGN KEY (`idAlquiler`) REFERENCES `alquiler` (`idAlq`) ON DELETE CASCADE ON UPDATE CASCADE;

--
-- Filtros para la tabla `informe`
--
ALTER TABLE `informe`
  ADD CONSTRAINT `informe_ibfk_1` FOREIGN KEY (`idCliente`) REFERENCES `cliente` (`idCliente`) ON DELETE CASCADE ON UPDATE CASCADE,
  ADD CONSTRAINT `informe_ibfk_2` FOREIGN KEY (`idCoche`) REFERENCES `coche` (`idCoche`) ON DELETE CASCADE ON UPDATE CASCADE;
COMMIT;

/*!40101 SET CHARACTER_SET_CLIENT=@OLD_CHARACTER_SET_CLIENT */;
/*!40101 SET CHARACTER_SET_RESULTS=@OLD_CHARACTER_SET_RESULTS */;
/*!40101 SET COLLATION_CONNECTION=@OLD_COLLATION_CONNECTION */;
